"username","email","age","password","role","balance","current_balance"
"Simon","simon@gmail.com","22","abc123","admin","1000","1000"
"Moawya","moawya@gmail.com","26","abc123","admin","1000","1000"
"Zein","zein@gmail.com","43","abc124","admin","1000","1000"
"Hafsa","hafsa@gmail.com","23","abc125","admin","1000","1000"
"adam1","adam1@gmail.com","25","abc126","user","1000","1000"
"adam2","adam2@gmail.com","20","abc127","user","1000","1000"
"adam3","adam3@gmail.com","25","abc128","user","1000","1000"
"adam4","adam4@gmail.com","21","abc129","user","1000","1000"
"adam5","adam5@gmail.com","44","abc130","user","1000","1000"
"adam6","adam6@gmail.com","43","abc131","user","1000","1000"
"adam7","adam7@gmail.com","22","abc132","user","1000","1000"
"adam8","adam8@gmail.com","35","abc133","user","1000","1000"
"adam9","adam9@gmail.com","23","abc134","user","1000","1000"
"adam10","adam10@gmail.com","24","abc135","user","1000","1000"
"adam11","adam11@gmail.com","27","abc136","user","1000","1000"
"adam12","adam12@gmail.com","22","abc137","user","1000","1000"
"adam13","adam13@gmail.com","36","abc138","user","1000","1000"
"adam14","adam14@gmail.com","36","abc139","user","1000","1000"
"adam15","adam15@gmail.com","31","abc140","user","1000","1000"
"adam16","adam16@gmail.com","37","abc141","user","1000","1000"
"adam17","adam17@gmail.com","42","abc142","user","1000","1000"
"adam18","adam18@gmail.com","29","abc143","user","1000","1000"
"adam19","adam19@gmail.com","44","abc144","user","1000","1000"
"adam20","adam20@gmail.com","29","abc145","user","1000","1000"
"adam21","adam21@gmail.com","21","abc146","user","1000","1000"
"adam22","adam22@gmail.com","42","abc147","user","1000","1000"
"adam23","adam23@gmail.com","35","abc148","user","1000","1000"
"adam24","adam24@gmail.com","30","abc149","user","1000","1000"
"adam25","adam25@gmail.com","23","abc150","user","1000","1000"
"adam26","adam26@gmail.com","40","abc151","user","1000","1000"
"adam27","adam27@gmail.com","32","abc152","user","1000","1000"
"adam28","adam28@gmail.com","39","abc153","user","1000","1000"
"adam29","adam29@gmail.com","21","abc154","user","1000","1000"
"adam30","adam30@gmail.com","31","abc155","user","1000","1000"
"adam31","adam31@gmail.com","22","abc156","user","1000","1000"
"adam32","adam32@gmail.com","21","abc157","user","1000","1000"
"adam33","adam33@gmail.com","28","abc158","user","1000","1000"
"adam34","adam34@gmail.com","27","abc159","user","1000","1000"
"adam35","adam35@gmail.com","41","abc160","user","1000","1000"
"adam36","adam36@gmail.com","30","abc161","user","1000","1000"
"adam37","adam37@gmail.com","37","abc162","user","1000","1000"
"adam38","adam38@gmail.com","23","abc163","user","1000","1000"
"adam39","adam39@gmail.com","31","abc164","user","1000","1000"
"adam40","adam40@gmail.com","26","abc165","user","1000","1000"
"adam41","adam41@gmail.com","25","abc166","user","1000","1000"
"adam42","adam42@gmail.com","35","abc167","user","1000","1000"
"adam43","adam43@gmail.com","37","abc168","user","1000","1000"
"adam44","adam44@gmail.com","20","abc169","user","1000","1000"
"adam45","adam45@gmail.com","45","abc170","user","1000","1000"
"adam46","adam46@gmail.com","38","abc171","user","1000","1000"
"adam47","adam47@gmail.com","45","abc172","user","1000","1000"
"adam48","adam48@gmail.com","20","abc173","user","1000","1000"
"adam49","adam49@gmail.com","23","abc174","user","1000","1000"
"adam50","adam50@gmail.com","35","abc175","user","1000","1000"
"adam51","adam51@gmail.com","30","abc176","user","1000","1000"
"adam52","adam52@gmail.com","41","abc177","user","1000","1000"
"adam53","adam53@gmail.com","26","abc178","user","1000","1000"
"adam54","adam54@gmail.com","31","abc179","user","1000","1000"
"adam55","adam55@gmail.com","43","abc180","user","1000","1000"
"adam56","adam56@gmail.com","35","abc181","user","1000","1000"
"adam57","adam57@gmail.com","43","abc182","user","1000","1000"
"adam58","adam58@gmail.com","38","abc183","user","1000","1000"
"adam59","adam59@gmail.com","32","abc184","user","1000","1000"
"adam60","adam60@gmail.com","42","abc185","user","1000","1000"
"adam61","adam61@gmail.com","31","abc186","user","1000","1000"
"adam62","adam62@gmail.com","44","abc187","user","1000","1000"
"adam63","adam63@gmail.com","27","abc188","user","1000","1000"
"adam64","adam64@gmail.com","32","abc189","user","1000","1000"
"adam65","adam65@gmail.com","39","abc190","user","1000","1000"
"adam66","adam66@gmail.com","27","abc191","user","1000","1000"
"adam67","adam67@gmail.com","23","abc192","user","1000","1000"
"adam68","adam68@gmail.com","35","abc193","user","1000","1000"
"adam69","adam69@gmail.com","21","abc194","user","1000","1000"
"adam70","adam70@gmail.com","38","abc195","user","1000","1000"
"adam71","adam71@gmail.com","27","abc196","user","1000","1000"
"adam72","adam72@gmail.com","23","abc197","user","1000","1000"
"adam73","adam73@gmail.com","22","abc198","user","1000","1000"
"adam74","adam74@gmail.com","21","abc199","user","1000","1000"
"adam75","adam75@gmail.com","34","abc200","user","1000","1000"
"adam76","adam76@gmail.com","20","abc201","user","1000","1000"
"adam77","adam77@gmail.com","36","abc202","user","1000","1000"
"adam78","adam78@gmail.com","28","abc203","user","1000","1000"
"adam79","adam79@gmail.com","20","abc204","user","1000","1000"
"adam80","adam80@gmail.com","20","abc205","user","1000","1000"
"adam81","adam81@gmail.com","37","abc206","user","1000","1000"
"adam82","adam82@gmail.com","25","abc207","user","1000","1000"
"adam83","adam83@gmail.com","32","abc208","user","1000","1000"
"adam84","adam84@gmail.com","22","abc209","user","1000","1000"
"adam85","adam85@gmail.com","45","abc210","user","1000","1000"
"adam86","adam86@gmail.com","32","abc211","user","1000","1000"
"adam87","adam87@gmail.com","33","abc212","user","1000","1000"
"adam88","adam88@gmail.com","25","abc213","user","1000","1000"
"adam89","adam89@gmail.com","31","abc214","user","1000","1000"
"adam90","adam90@gmail.com","40","abc215","user","1000","1000"
"adam91","adam91@gmail.com","37","abc216","user","1000","1000"
"adam92","adam92@gmail.com","20","abc217","user","1000","1000"
"adam93","adam93@gmail.com","29","abc218","user","1000","1000"
"adam94","adam94@gmail.com","36","abc219","user","1000","1000"
"adam95","adam95@gmail.com","37","abc220","user","1000","1000"
"adam96","adam96@gmail.com","22","abc221","user","1000","1000"
"adam97","adam97@gmail.com","31","abc222","user","1000","1000"
"adam98","adam98@gmail.com","45","abc223","user","1000","1000"
"adam99","adam99@gmail.com","40","abc224","user","1000","1000"
"adam100","adam100@gmail.com","24","abc225","user","1000","1000"
"adam101","adam101@gmail.com","34","abc226","user","1000","1000"
"adam102","adam102@gmail.com","22","abc227","user","1000","1000"
"adam103","adam103@gmail.com","35","abc228","user","1000","1000"
"adam104","adam104@gmail.com","42","abc229","user","1000","1000"
"adam105","adam105@gmail.com","25","abc230","user","1000","1000"
"adam106","adam106@gmail.com","31","abc231","user","1000","1000"
"adam107","adam107@gmail.com","44","abc232","user","1000","1000"
"adam108","adam108@gmail.com","42","abc233","user","1000","1000"
"adam109","adam109@gmail.com","29","abc234","user","1000","1000"
"adam110","adam110@gmail.com","37","abc235","user","1000","1000"
"adam111","adam111@gmail.com","27","abc236","user","1000","1000"
"adam112","adam112@gmail.com","28","abc237","user","1000","1000"
"adam113","adam113@gmail.com","32","abc238","user","1000","1000"
"adam114","adam114@gmail.com","45","abc239","user","1000","1000"
"adam115","adam115@gmail.com","41","abc240","user","1000","1000"
"adam116","adam116@gmail.com","26","abc241","user","1000","1000"
"adam117","adam117@gmail.com","44","abc242","user","1000","1000"
"adam118","adam118@gmail.com","38","abc243","user","1000","1000"
"adam119","adam119@gmail.com","33","abc244","user","1000","1000"
"adam120","adam120@gmail.com","34","abc245","user","1000","1000"
"adam121","adam121@gmail.com","45","abc246","user","1000","1000"
"adam122","adam122@gmail.com","24","abc247","user","1000","1000"
"adam123","adam123@gmail.com","35","abc248","user","1000","1000"
"adam124","adam124@gmail.com","22","abc249","user","1000","1000"
"adam125","adam125@gmail.com","29","abc250","user","1000","1000"
"adam126","adam126@gmail.com","28","abc251","user","1000","1000"
"adam127","adam127@gmail.com","45","abc252","user","1000","1000"
"adam128","adam128@gmail.com","22","abc253","user","1000","1000"
"adam129","adam129@gmail.com","31","abc254","user","1000","1000"
"adam130","adam130@gmail.com","34","abc255","user","1000","1000"
"adam131","adam131@gmail.com","21","abc256","user","1000","1000"
"adam132","adam132@gmail.com","23","abc257","user","1000","1000"
"adam133","adam133@gmail.com","42","abc258","user","1000","1000"
"adam134","adam134@gmail.com","24","abc259","user","1000","1000"
"adam135","adam135@gmail.com","31","abc260","user","1000","1000"
"adam136","adam136@gmail.com","20","abc261","user","1000","1000"
"adam137","adam137@gmail.com","34","abc262","user","1000","1000"
"adam138","adam138@gmail.com","40","abc263","user","1000","1000"
"adam139","adam139@gmail.com","41","abc264","user","1000","1000"
"adam140","adam140@gmail.com","23","abc265","user","1000","1000"
"adam141","adam141@gmail.com","41","abc266","user","1000","1000"
"adam142","adam142@gmail.com","42","abc267","user","1000","1000"
"adam143","adam143@gmail.com","26","abc268","user","1000","1000"
"adam144","adam144@gmail.com","40","abc269","user","1000","1000"
"adam145","adam145@gmail.com","24","abc270","user","1000","1000"
"adam146","adam146@gmail.com","27","abc271","user","1000","1000"
"adam147","adam147@gmail.com","34","abc272","user","1000","1000"
"adam148","adam148@gmail.com","25","abc273","user","1000","1000"
"adam149","adam149@gmail.com","34","abc274","user","1000","1000"
"adam150","adam150@gmail.com","29","abc275","user","1000","1000"
"adam151","adam151@gmail.com","31","abc276","user","1000","1000"
"adam152","adam152@gmail.com","27","abc277","user","1000","1000"
"adam153","adam153@gmail.com","45","abc278","user","1000","1000"
"adam154","adam154@gmail.com","35","abc279","user","1000","1000"
"adam155","adam155@gmail.com","38","abc280","user","1000","1000"
"adam156","adam156@gmail.com","38","abc281","user","1000","1000"
"adam157","adam157@gmail.com","30","abc282","user","1000","1000"
"adam158","adam158@gmail.com","22","abc283","user","1000","1000"
"adam159","adam159@gmail.com","36","abc284","user","1000","1000"
"adam160","adam160@gmail.com","20","abc285","user","1000","1000"
"adam161","adam161@gmail.com","38","abc286","user","1000","1000"
"adam162","adam162@gmail.com","32","abc287","user","1000","1000"
"adam163","adam163@gmail.com","30","abc288","user","1000","1000"
"adam164","adam164@gmail.com","20","abc289","user","1000","1000"
"adam165","adam165@gmail.com","36","abc290","user","1000","1000"
"adam166","adam166@gmail.com","38","abc291","user","1000","1000"
"adam167","adam167@gmail.com","45","abc292","user","1000","1000"
"adam168","adam168@gmail.com","42","abc293","user","1000","1000"
"adam169","adam169@gmail.com","35","abc294","user","1000","1000"
"adam170","adam170@gmail.com","29","abc295","user","1000","1000"
"adam171","adam171@gmail.com","41","abc296","user","1000","1000"
"adam172","adam172@gmail.com","34","abc297","user","1000","1000"
"adam173","adam173@gmail.com","24","abc298","user","1000","1000"
"adam174","adam174@gmail.com","40","abc299","user","1000","1000"
"adam175","adam175@gmail.com","20","abc300","user","1000","1000"
"adam176","adam176@gmail.com","25","abc301","user","1000","1000"
"adam177","adam177@gmail.com","40","abc302","user","1000","1000"
"adam178","adam178@gmail.com","35","abc303","user","1000","1000"
"adam179","adam179@gmail.com","24","abc304","user","1000","1000"
"adam180","adam180@gmail.com","30","abc305","user","1000","1000"
"adam181","adam181@gmail.com","23","abc306","user","1000","1000"
"adam182","adam182@gmail.com","25","abc307","user","1000","1000"
"adam183","adam183@gmail.com","30","abc308","user","1000","1000"
"adam184","adam184@gmail.com","41","abc309","user","1000","1000"
"adam185","adam185@gmail.com","31","abc310","user","1000","1000"
"adam186","adam186@gmail.com","45","abc311","user","1000","1000"
"adam187","adam187@gmail.com","20","abc312","user","1000","1000"
"adam188","adam188@gmail.com","26","abc313","user","1000","1000"
"adam189","adam189@gmail.com","38","abc314","user","1000","1000"
"adam190","adam190@gmail.com","37","abc315","user","1000","1000"
"adam191","adam191@gmail.com","33","abc316","user","1000","1000"
"adam192","adam192@gmail.com","41","abc317","user","1000","1000"
"adam193","adam193@gmail.com","38","abc318","user","1000","1000"
"adam194","adam194@gmail.com","26","abc319","user","1000","1000"
"adam195","adam195@gmail.com","37","abc320","user","1000","1000"
"adam196","adam196@gmail.com","23","abc321","user","1000","1000"
"adam197","adam197@gmail.com","25","abc322","user","1000","1000"
"adam198","adam198@gmail.com","25","abc323","user","1000","1000"
"adam199","adam199@gmail.com","44","abc324","user","1000","1000"
"adam200","adam200@gmail.com","21","abc325","user","1000","1000"
"adam201","adam201@gmail.com","30","abc326","user","1000","1000"
"adam202","adam202@gmail.com","21","abc327","user","1000","1000"
"adam203","adam203@gmail.com","41","abc328","user","1000","1000"
"adam204","adam204@gmail.com","31","abc329","user","1000","1000"
"adam205","adam205@gmail.com","35","abc330","user","1000","1000"
"adam206","adam206@gmail.com","20","abc331","user","1000","1000"
"adam207","adam207@gmail.com","37","abc332","user","1000","1000"
"adam208","adam208@gmail.com","36","abc333","user","1000","1000"
"adam209","adam209@gmail.com","35","abc334","user","1000","1000"
"adam210","adam210@gmail.com","42","abc335","user","1000","1000"
"adam211","adam211@gmail.com","36","abc336","user","1000","1000"
"adam212","adam212@gmail.com","37","abc337","user","1000","1000"
"adam213","adam213@gmail.com","26","abc338","user","1000","1000"
"adam214","adam214@gmail.com","22","abc339","user","1000","1000"
"adam215","adam215@gmail.com","42","abc340","user","1000","1000"
"adam216","adam216@gmail.com","36","abc341","user","1000","1000"
"adam217","adam217@gmail.com","44","abc342","user","1000","1000"
"adam218","adam218@gmail.com","33","abc343","user","1000","1000"
"adam219","adam219@gmail.com","21","abc344","user","1000","1000"
"adam220","adam220@gmail.com","45","abc345","user","1000","1000"
"adam221","adam221@gmail.com","22","abc346","user","1000","1000"
"adam222","adam222@gmail.com","40","abc347","user","1000","1000"
"adam223","adam223@gmail.com","37","abc348","user","1000","1000"
"adam224","adam224@gmail.com","28","abc349","user","1000","1000"
"adam225","adam225@gmail.com","45","abc350","user","1000","1000"
"adam226","adam226@gmail.com","41","abc351","user","1000","1000"
"adam227","adam227@gmail.com","44","abc352","user","1000","1000"
"adam228","adam228@gmail.com","45","abc353","user","1000","1000"
"adam229","adam229@gmail.com","36","abc354","user","1000","1000"
"adam230","adam230@gmail.com","36","abc355","user","1000","1000"
"adam231","adam231@gmail.com","24","abc356","user","1000","1000"
"adam232","adam232@gmail.com","25","abc357","user","1000","1000"
"adam233","adam233@gmail.com","28","abc358","user","1000","1000"
"adam234","adam234@gmail.com","44","abc359","user","1000","1000"
"adam235","adam235@gmail.com","26","abc360","user","1000","1000"
"adam236","adam236@gmail.com","34","abc361","user","1000","1000"
"adam237","adam237@gmail.com","23","abc362","user","1000","1000"
"adam238","adam238@gmail.com","22","abc363","user","1000","1000"
"adam239","adam239@gmail.com","34","abc364","user","1000","1000"
"adam240","adam240@gmail.com","36","abc365","user","1000","1000"
"adam241","adam241@gmail.com","36","abc366","user","1000","1000"
"adam242","adam242@gmail.com","35","abc367","user","1000","1000"
"adam243","adam243@gmail.com","36","abc368","user","1000","1000"
"adam244","adam244@gmail.com","24","abc369","user","1000","1000"
"adam245","adam245@gmail.com","35","abc370","user","1000","1000"
"adam246","adam246@gmail.com","25","abc371","user","1000","1000"
"adam247","adam247@gmail.com","21","abc372","user","1000","1000"
"adam248","adam248@gmail.com","30","abc373","user","1000","1000"
"adam249","adam249@gmail.com","36","abc374","user","1000","1000"
"adam250","adam250@gmail.com","42","abc375","user","1000","1000"
"adam251","adam251@gmail.com","44","abc376","user","1000","1000"
"adam252","adam252@gmail.com","29","abc377","user","1000","1000"
"adam253","adam253@gmail.com","30","abc378","user","1000","1000"
"adam254","adam254@gmail.com","31","abc379","user","1000","1000"
"adam255","adam255@gmail.com","31","abc380","user","1000","1000"
"adam256","adam256@gmail.com","36","abc381","user","1000","1000"
"adam257","adam257@gmail.com","20","abc382","user","1000","1000"
"adam258","adam258@gmail.com","22","abc383","user","1000","1000"
"adam259","adam259@gmail.com","32","abc384","user","1000","1000"
"adam260","adam260@gmail.com","22","abc385","user","1000","1000"
"adam261","adam261@gmail.com","21","abc386","user","1000","1000"
"adam262","adam262@gmail.com","37","abc387","user","1000","1000"
"adam263","adam263@gmail.com","34","abc388","user","1000","1000"
"adam264","adam264@gmail.com","35","abc389","user","1000","1000"
"adam265","adam265@gmail.com","30","abc390","user","1000","1000"
"adam266","adam266@gmail.com","22","abc391","user","1000","1000"
"adam267","adam267@gmail.com","20","abc392","user","1000","1000"
"adam268","adam268@gmail.com","22","abc393","user","1000","1000"
"adam269","adam269@gmail.com","41","abc394","user","1000","1000"
"adam270","adam270@gmail.com","22","abc395","user","1000","1000"
"adam271","adam271@gmail.com","45","abc396","user","1000","1000"
"adam272","adam272@gmail.com","29","abc397","user","1000","1000"
"adam273","adam273@gmail.com","44","abc398","user","1000","1000"
"adam274","adam274@gmail.com","21","abc399","user","1000","1000"
"adam275","adam275@gmail.com","27","abc400","user","1000","1000"
"adam276","adam276@gmail.com","45","abc401","user","1000","1000"
"adam277","adam277@gmail.com","35","abc402","user","1000","1000"
"adam278","adam278@gmail.com","22","abc403","user","1000","1000"
"adam279","adam279@gmail.com","28","abc404","user","1000","1000"
"adam280","adam280@gmail.com","31","abc405","user","1000","1000"
"adam281","adam281@gmail.com","35","abc406","user","1000","1000"
"adam282","adam282@gmail.com","35","abc407","user","1000","1000"
"adam283","adam283@gmail.com","42","abc408","user","1000","1000"
"adam284","adam284@gmail.com","45","abc409","user","1000","1000"
"adam285","adam285@gmail.com","25","abc410","user","1000","1000"
"adam286","adam286@gmail.com","37","abc411","user","1000","1000"
"adam287","adam287@gmail.com","36","abc412","user","1000","1000"
"adam288","adam288@gmail.com","44","abc413","user","1000","1000"
"adam289","adam289@gmail.com","33","abc414","user","1000","1000"
"adam290","adam290@gmail.com","39","abc415","user","1000","1000"
"adam291","adam291@gmail.com","44","abc416","user","1000","1000"
"adam292","adam292@gmail.com","43","abc417","user","1000","1000"
"adam293","adam293@gmail.com","24","abc418","user","1000","1000"
"adam294","adam294@gmail.com","25","abc419","user","1000","1000"
"adam295","adam295@gmail.com","22","abc420","user","1000","1000"
"adam296","adam296@gmail.com","35","abc421","user","1000","1000"
"adam297","adam297@gmail.com","34","abc422","user","1000","1000"
"adam298","adam298@gmail.com","37","abc423","user","1000","1000"
"adam299","adam299@gmail.com","33","abc424","user","1000","1000"
"adam300","adam300@gmail.com","22","abc425","user","1000","1000"
"adam301","adam301@gmail.com","23","abc426","user","1000","1000"
"adam302","adam302@gmail.com","27","abc427","user","1000","1000"
"adam303","adam303@gmail.com","26","abc428","user","1000","1000"
"adam304","adam304@gmail.com","44","abc429","user","1000","1000"
"adam305","adam305@gmail.com","35","abc430","user","1000","1000"
"adam306","adam306@gmail.com","34","abc431","user","1000","1000"
"adam307","adam307@gmail.com","45","abc432","user","1000","1000"
"adam308","adam308@gmail.com","33","abc433","user","1000","1000"
"adam309","adam309@gmail.com","44","abc434","user","1000","1000"
"adam310","adam310@gmail.com","36","abc435","user","1000","1000"
"adam311","adam311@gmail.com","20","abc436","user","1000","1000"
"adam312","adam312@gmail.com","34","abc437","user","1000","1000"
"adam313","adam313@gmail.com","28","abc438","user","1000","1000"
"adam314","adam314@gmail.com","41","abc439","user","1000","1000"
"adam315","adam315@gmail.com","38","abc440","user","1000","1000"
"adam316","adam316@gmail.com","23","abc441","user","1000","1000"
"adam317","adam317@gmail.com","45","abc442","user","1000","1000"
"adam318","adam318@gmail.com","23","abc443","user","1000","1000"
"adam319","adam319@gmail.com","28","abc444","user","1000","1000"
"adam320","adam320@gmail.com","41","abc445","user","1000","1000"
"adam321","adam321@gmail.com","36","abc446","user","1000","1000"
"adam322","adam322@gmail.com","22","abc447","user","1000","1000"
"adam323","adam323@gmail.com","43","abc448","user","1000","1000"
"adam324","adam324@gmail.com","22","abc449","user","1000","1000"
"adam325","adam325@gmail.com","22","abc450","user","1000","1000"
"adam326","adam326@gmail.com","44","abc451","user","1000","1000"
"adam327","adam327@gmail.com","32","abc452","user","1000","1000"
"adam328","adam328@gmail.com","39","abc453","user","1000","1000"
"adam329","adam329@gmail.com","38","abc454","user","1000","1000"
"adam330","adam330@gmail.com","31","abc455","user","1000","1000"
"adam331","adam331@gmail.com","42","abc456","user","1000","1000"
"adam332","adam332@gmail.com","42","abc457","user","1000","1000"
"adam333","adam333@gmail.com","31","abc458","user","1000","1000"
"adam334","adam334@gmail.com","21","abc459","user","1000","1000"
"adam335","adam335@gmail.com","41","abc460","user","1000","1000"
"adam336","adam336@gmail.com","27","abc461","user","1000","1000"
"adam337","adam337@gmail.com","36","abc462","user","1000","1000"
"adam338","adam338@gmail.com","22","abc463","user","1000","1000"
"adam339","adam339@gmail.com","27","abc464","user","1000","1000"
"adam340","adam340@gmail.com","32","abc465","user","1000","1000"
"adam341","adam341@gmail.com","38","abc466","user","1000","1000"
"adam342","adam342@gmail.com","29","abc467","user","1000","1000"
"adam343","adam343@gmail.com","29","abc468","user","1000","1000"
"adam344","adam344@gmail.com","24","abc469","user","1000","1000"
"adam345","adam345@gmail.com","40","abc470","user","1000","1000"
"adam346","adam346@gmail.com","31","abc471","user","1000","1000"
"adam347","adam347@gmail.com","45","abc472","user","1000","1000"
"adam348","adam348@gmail.com","27","abc473","user","1000","1000"
"adam349","adam349@gmail.com","21","abc474","user","1000","1000"
"adam350","adam350@gmail.com","38","abc475","user","1000","1000"
"adam351","adam351@gmail.com","33","abc476","user","1000","1000"
"adam352","adam352@gmail.com","28","abc477","user","1000","1000"
"adam353","adam353@gmail.com","40","abc478","user","1000","1000"
"adam354","adam354@gmail.com","36","abc479","user","1000","1000"
"adam355","adam355@gmail.com","31","abc480","user","1000","1000"
"adam356","adam356@gmail.com","45","abc481","user","1000","1000"
"adam357","adam357@gmail.com","31","abc482","user","1000","1000"
"adam358","adam358@gmail.com","29","abc483","user","1000","1000"
"adam359","adam359@gmail.com","30","abc484","user","1000","1000"
"adam360","adam360@gmail.com","40","abc485","user","1000","1000"
"adam361","adam361@gmail.com","27","abc486","user","1000","1000"
"adam362","adam362@gmail.com","20","abc487","user","1000","1000"
"adam363","adam363@gmail.com","32","abc488","user","1000","1000"
"adam364","adam364@gmail.com","39","abc489","user","1000","1000"
"adam365","adam365@gmail.com","20","abc490","user","1000","1000"
"adam366","adam366@gmail.com","29","abc491","user","1000","1000"
"adam367","adam367@gmail.com","40","abc492","user","1000","1000"
"adam368","adam368@gmail.com","22","abc493","user","1000","1000"
"adam369","adam369@gmail.com","25","abc494","user","1000","1000"
"adam370","adam370@gmail.com","30","abc495","user","1000","1000"
"adam371","adam371@gmail.com","38","abc496","user","1000","1000"
"adam372","adam372@gmail.com","45","abc497","user","1000","1000"
"adam373","adam373@gmail.com","27","abc498","user","1000","1000"
"adam374","adam374@gmail.com","20","abc499","user","1000","1000"
"adam375","adam375@gmail.com","43","abc500","user","1000","1000"
"adam376","adam376@gmail.com","29","abc501","user","1000","1000"
"adam377","adam377@gmail.com","26","abc502","user","1000","1000"
"adam378","adam378@gmail.com","45","abc503","user","1000","1000"
"adam379","adam379@gmail.com","45","abc504","user","1000","1000"
"adam380","adam380@gmail.com","29","abc505","user","1000","1000"
"adam381","adam381@gmail.com","29","abc506","user","1000","1000"
"adam382","adam382@gmail.com","25","abc507","user","1000","1000"
"adam383","adam383@gmail.com","25","abc508","user","1000","1000"
"adam384","adam384@gmail.com","38","abc509","user","1000","1000"
"adam385","adam385@gmail.com","29","abc510","user","1000","1000"
"adam386","adam386@gmail.com","27","abc511","user","1000","1000"
"adam387","adam387@gmail.com","30","abc512","user","1000","1000"
"adam388","adam388@gmail.com","24","abc513","user","1000","1000"
"adam389","adam389@gmail.com","32","abc514","user","1000","1000"
"adam390","adam390@gmail.com","45","abc515","user","1000","1000"
"adam391","adam391@gmail.com","38","abc516","user","1000","1000"
"adam392","adam392@gmail.com","21","abc517","user","1000","1000"
"adam393","adam393@gmail.com","40","abc518","user","1000","1000"
"adam394","adam394@gmail.com","21","abc519","user","1000","1000"
"adam395","adam395@gmail.com","42","abc520","user","1000","1000"
"adam396","adam396@gmail.com","29","abc521","user","1000","1000"
"adam397","adam397@gmail.com","23","abc522","user","1000","1000"
"adam398","adam398@gmail.com","22","abc523","user","1000","1000"
"adam399","adam399@gmail.com","30","abc524","user","1000","1000"
"adam400","adam400@gmail.com","40","abc525","user","1000","1000"
"adam401","adam401@gmail.com","27","abc526","user","1000","1000"
"adam402","adam402@gmail.com","43","abc527","user","1000","1000"
"adam403","adam403@gmail.com","40","abc528","user","1000","1000"
"adam404","adam404@gmail.com","41","abc529","user","1000","1000"
"adam405","adam405@gmail.com","21","abc530","user","1000","1000"
"adam406","adam406@gmail.com","30","abc531","user","1000","1000"
"adam407","adam407@gmail.com","39","abc532","user","1000","1000"
"adam408","adam408@gmail.com","30","abc533","user","1000","1000"
"adam409","adam409@gmail.com","41","abc534","user","1000","1000"
"adam410","adam410@gmail.com","28","abc535","user","1000","1000"
"adam411","adam411@gmail.com","23","abc536","user","1000","1000"
"adam412","adam412@gmail.com","28","abc537","user","1000","1000"
"adam413","adam413@gmail.com","20","abc538","user","1000","1000"
"adam414","adam414@gmail.com","40","abc539","user","1000","1000"
"adam415","adam415@gmail.com","38","abc540","user","1000","1000"
"adam416","adam416@gmail.com","22","abc541","user","1000","1000"
"adam417","adam417@gmail.com","20","abc542","user","1000","1000"
"adam418","adam418@gmail.com","30","abc543","user","1000","1000"
"adam419","adam419@gmail.com","25","abc544","user","1000","1000"
"adam420","adam420@gmail.com","41","abc545","user","1000","1000"
"adam421","adam421@gmail.com","41","abc546","user","1000","1000"
"adam422","adam422@gmail.com","36","abc547","user","1000","1000"
"adam423","adam423@gmail.com","30","abc548","user","1000","1000"
"adam424","adam424@gmail.com","20","abc549","user","1000","1000"
"adam425","adam425@gmail.com","45","abc550","user","1000","1000"
"adam426","adam426@gmail.com","23","abc551","user","1000","1000"
"adam427","adam427@gmail.com","36","abc552","user","1000","1000"
"adam428","adam428@gmail.com","38","abc553","user","1000","1000"
"adam429","adam429@gmail.com","26","abc554","user","1000","1000"
"adam430","adam430@gmail.com","41","abc555","user","1000","1000"
"adam431","adam431@gmail.com","25","abc556","user","1000","1000"
"adam432","adam432@gmail.com","28","abc557","user","1000","1000"
"adam433","adam433@gmail.com","28","abc558","user","1000","1000"
"adam434","adam434@gmail.com","28","abc559","user","1000","1000"
"adam435","adam435@gmail.com","28","abc560","user","1000","1000"
"adam436","adam436@gmail.com","23","abc561","user","1000","1000"
"adam437","adam437@gmail.com","42","abc562","user","1000","1000"
"adam438","adam438@gmail.com","30","abc563","user","1000","1000"
"adam439","adam439@gmail.com","36","abc564","user","1000","1000"
"adam440","adam440@gmail.com","40","abc565","user","1000","1000"
"adam441","adam441@gmail.com","41","abc566","user","1000","1000"
"adam442","adam442@gmail.com","30","abc567","user","1000","1000"
"adam443","adam443@gmail.com","41","abc568","user","1000","1000"
"adam444","adam444@gmail.com","29","abc569","user","1000","1000"
"adam445","adam445@gmail.com","30","abc570","user","1000","1000"
"adam446","adam446@gmail.com","45","abc571","user","1000","1000"
"adam447","adam447@gmail.com","29","abc572","user","1000","1000"
"adam448","adam448@gmail.com","38","abc573","user","1000","1000"
"adam449","adam449@gmail.com","45","abc574","user","1000","1000"
"adam450","adam450@gmail.com","38","abc575","user","1000","1000"
"adam451","adam451@gmail.com","38","abc576","user","1000","1000"
"adam452","adam452@gmail.com","35","abc577","user","1000","1000"
"adam453","adam453@gmail.com","28","abc578","user","1000","1000"
"adam454","adam454@gmail.com","27","abc579","user","1000","1000"
"adam455","adam455@gmail.com","20","abc580","user","1000","1000"
"adam456","adam456@gmail.com","35","abc581","user","1000","1000"
"adam457","adam457@gmail.com","41","abc582","user","1000","1000"
"adam458","adam458@gmail.com","25","abc583","user","1000","1000"
"adam459","adam459@gmail.com","41","abc584","user","1000","1000"
"adam460","adam460@gmail.com","40","abc585","user","1000","1000"
"adam461","adam461@gmail.com","43","abc586","user","1000","1000"
"adam462","adam462@gmail.com","43","abc587","user","1000","1000"
"adam463","adam463@gmail.com","25","abc588","user","1000","1000"
"adam464","adam464@gmail.com","34","abc589","user","1000","1000"
"adam465","adam465@gmail.com","28","abc590","user","1000","1000"
"adam466","adam466@gmail.com","24","abc591","user","1000","1000"
"adam467","adam467@gmail.com","30","abc592","user","1000","1000"
"adam468","adam468@gmail.com","26","abc593","user","1000","1000"
"adam469","adam469@gmail.com","23","abc594","user","1000","1000"
"adam470","adam470@gmail.com","27","abc595","user","1000","1000"
"adam471","adam471@gmail.com","35","abc596","user","1000","1000"
"adam472","adam472@gmail.com","43","abc597","user","1000","1000"
"adam473","adam473@gmail.com","42","abc598","user","1000","1000"
"adam474","adam474@gmail.com","45","abc599","user","1000","1000"
"adam475","adam475@gmail.com","22","abc600","user","1000","1000"
"adam476","adam476@gmail.com","40","abc601","user","1000","1000"
"adam477","adam477@gmail.com","28","abc602","user","1000","1000"
"adam478","adam478@gmail.com","36","abc603","user","1000","1000"
"adam479","adam479@gmail.com","23","abc604","user","1000","1000"
"adam480","adam480@gmail.com","25","abc605","user","1000","1000"
"adam481","adam481@gmail.com","42","abc606","user","1000","1000"
"adam482","adam482@gmail.com","32","abc607","user","1000","1000"
"adam483","adam483@gmail.com","39","abc608","user","1000","1000"
"adam484","adam484@gmail.com","26","abc609","user","1000","1000"
"adam485","adam485@gmail.com","39","abc610","user","1000","1000"
"adam486","adam486@gmail.com","43","abc611","user","1000","1000"
"adam487","adam487@gmail.com","29","abc612","user","1000","1000"
"adam488","adam488@gmail.com","34","abc613","user","1000","1000"
"adam489","adam489@gmail.com","26","abc614","user","1000","1000"
"adam490","adam490@gmail.com","20","abc615","user","1000","1000"
"adam491","adam491@gmail.com","29","abc616","user","1000","1000"
"adam492","adam492@gmail.com","28","abc617","user","1000","1000"
"adam493","adam493@gmail.com","29","abc618","user","1000","1000"
"adam494","adam494@gmail.com","32","abc619","user","1000","1000"
"adam495","adam495@gmail.com","24","abc620","user","1000","1000"
"adam496","adam496@gmail.com","31","abc621","user","1000","1000"
"adam497","adam497@gmail.com","45","abc622","user","1000","1000"
"adam498","adam498@gmail.com","40","abc623","user","1000","1000"
"adam499","adam499@gmail.com","33","abc624","user","1000","1000"
"adam500","adam500@gmail.com","42","abc625","user","1000","1000"
"adam501","adam501@gmail.com","39","abc626","user","1000","1000"
"adam502","adam502@gmail.com","26","abc627","user","1000","1000"
"adam503","adam503@gmail.com","35","abc628","user","1000","1000"
"adam504","adam504@gmail.com","32","abc629","user","1000","1000"
"adam505","adam505@gmail.com","38","abc630","user","1000","1000"
"adam506","adam506@gmail.com","23","abc631","user","1000","1000"
"adam507","adam507@gmail.com","45","abc632","user","1000","1000"
"adam508","adam508@gmail.com","33","abc633","user","1000","1000"
"adam509","adam509@gmail.com","36","abc634","user","1000","1000"
"adam510","adam510@gmail.com","33","abc635","user","1000","1000"
"adam511","adam511@gmail.com","41","abc636","user","1000","1000"
"adam512","adam512@gmail.com","22","abc637","user","1000","1000"
"adam513","adam513@gmail.com","25","abc638","user","1000","1000"
"adam514","adam514@gmail.com","28","abc639","user","1000","1000"
"adam515","adam515@gmail.com","20","abc640","user","1000","1000"
"adam516","adam516@gmail.com","30","abc641","user","1000","1000"
"adam517","adam517@gmail.com","33","abc642","user","1000","1000"
"adam518","adam518@gmail.com","36","abc643","user","1000","1000"
"adam519","adam519@gmail.com","25","abc644","user","1000","1000"
"adam520","adam520@gmail.com","37","abc645","user","1000","1000"
"adam521","adam521@gmail.com","34","abc646","user","1000","1000"
"adam522","adam522@gmail.com","24","abc647","user","1000","1000"
"adam523","adam523@gmail.com","43","abc648","user","1000","1000"
"adam524","adam524@gmail.com","43","abc649","user","1000","1000"
"adam525","adam525@gmail.com","43","abc650","user","1000","1000"
"adam526","adam526@gmail.com","28","abc651","user","1000","1000"
"adam527","adam527@gmail.com","32","abc652","user","1000","1000"
"adam528","adam528@gmail.com","21","abc653","user","1000","1000"
"adam529","adam529@gmail.com","32","abc654","user","1000","1000"
"adam530","adam530@gmail.com","27","abc655","user","1000","1000"
"adam531","adam531@gmail.com","32","abc656","user","1000","1000"
"adam532","adam532@gmail.com","25","abc657","user","1000","1000"
"adam533","adam533@gmail.com","44","abc658","user","1000","1000"
"adam534","adam534@gmail.com","28","abc659","user","1000","1000"
"adam535","adam535@gmail.com","36","abc660","user","1000","1000"
"adam536","adam536@gmail.com","21","abc661","user","1000","1000"
"adam537","adam537@gmail.com","40","abc662","user","1000","1000"
"adam538","adam538@gmail.com","32","abc663","user","1000","1000"
"adam539","adam539@gmail.com","41","abc664","user","1000","1000"
"adam540","adam540@gmail.com","42","abc665","user","1000","1000"
"adam541","adam541@gmail.com","38","abc666","user","1000","1000"
"adam542","adam542@gmail.com","36","abc667","user","1000","1000"
"adam543","adam543@gmail.com","29","abc668","user","1000","1000"
"adam544","adam544@gmail.com","37","abc669","user","1000","1000"
"adam545","adam545@gmail.com","21","abc670","user","1000","1000"
"adam546","adam546@gmail.com","37","abc671","user","1000","1000"
"adam547","adam547@gmail.com","34","abc672","user","1000","1000"
"adam548","adam548@gmail.com","31","abc673","user","1000","1000"
"adam549","adam549@gmail.com","20","abc674","user","1000","1000"
"adam550","adam550@gmail.com","29","abc675","user","1000","1000"
"adam551","adam551@gmail.com","36","abc676","user","1000","1000"
"adam552","adam552@gmail.com","39","abc677","user","1000","1000"
"adam553","adam553@gmail.com","35","abc678","user","1000","1000"
"adam554","adam554@gmail.com","22","abc679","user","1000","1000"
"adam555","adam555@gmail.com","44","abc680","user","1000","1000"
"adam556","adam556@gmail.com","27","abc681","user","1000","1000"
"adam557","adam557@gmail.com","45","abc682","user","1000","1000"
"adam558","adam558@gmail.com","26","abc683","user","1000","1000"
"adam559","adam559@gmail.com","45","abc684","user","1000","1000"
"adam560","adam560@gmail.com","25","abc685","user","1000","1000"
"adam561","adam561@gmail.com","43","abc686","user","1000","1000"
"adam562","adam562@gmail.com","26","abc687","user","1000","1000"
"adam563","adam563@gmail.com","21","abc688","user","1000","1000"
"adam564","adam564@gmail.com","43","abc689","user","1000","1000"
"adam565","adam565@gmail.com","31","abc690","user","1000","1000"
"adam566","adam566@gmail.com","27","abc691","user","1000","1000"
"adam567","adam567@gmail.com","41","abc692","user","1000","1000"
"adam568","adam568@gmail.com","42","abc693","user","1000","1000"
"adam569","adam569@gmail.com","35","abc694","user","1000","1000"
"adam570","adam570@gmail.com","22","abc695","user","1000","1000"
"adam571","adam571@gmail.com","45","abc696","user","1000","1000"
"adam572","adam572@gmail.com","29","abc697","user","1000","1000"
"adam573","adam573@gmail.com","40","abc698","user","1000","1000"
"adam574","adam574@gmail.com","34","abc699","user","1000","1000"
"adam575","adam575@gmail.com","28","abc700","user","1000","1000"
"adam576","adam576@gmail.com","21","abc701","user","1000","1000"
"adam577","adam577@gmail.com","21","abc702","user","1000","1000"
"adam578","adam578@gmail.com","44","abc703","user","1000","1000"
"adam579","adam579@gmail.com","44","abc704","user","1000","1000"
"adam580","adam580@gmail.com","40","abc705","user","1000","1000"
"adam581","adam581@gmail.com","30","abc706","user","1000","1000"
"adam582","adam582@gmail.com","25","abc707","user","1000","1000"
"adam583","adam583@gmail.com","25","abc708","user","1000","1000"
"adam584","adam584@gmail.com","21","abc709","user","1000","1000"
"adam585","adam585@gmail.com","40","abc710","user","1000","1000"
"adam586","adam586@gmail.com","31","abc711","user","1000","1000"
"adam587","adam587@gmail.com","43","abc712","user","1000","1000"
"adam588","adam588@gmail.com","40","abc713","user","1000","1000"
"adam589","adam589@gmail.com","44","abc714","user","1000","1000"
"adam590","adam590@gmail.com","30","abc715","user","1000","1000"
"adam591","adam591@gmail.com","26","abc716","user","1000","1000"
"adam592","adam592@gmail.com","45","abc717","user","1000","1000"
"adam593","adam593@gmail.com","36","abc718","user","1000","1000"
"adam594","adam594@gmail.com","22","abc719","user","1000","1000"
"adam595","adam595@gmail.com","25","abc720","user","1000","1000"
"adam596","adam596@gmail.com","34","abc721","user","1000","1000"
"adam597","adam597@gmail.com","43","abc722","user","1000","1000"
"adam598","adam598@gmail.com","22","abc723","user","1000","1000"
"adam599","adam599@gmail.com","25","abc724","user","1000","1000"
"adam600","adam600@gmail.com","34","abc725","user","1000","1000"
"adam601","adam601@gmail.com","39","abc726","user","1000","1000"
"adam602","adam602@gmail.com","26","abc727","user","1000","1000"
"adam603","adam603@gmail.com","37","abc728","user","1000","1000"
"adam604","adam604@gmail.com","44","abc729","user","1000","1000"
"adam605","adam605@gmail.com","45","abc730","user","1000","1000"
"adam606","adam606@gmail.com","43","abc731","user","1000","1000"
"adam607","adam607@gmail.com","41","abc732","user","1000","1000"
"adam608","adam608@gmail.com","36","abc733","user","1000","1000"
"adam609","adam609@gmail.com","25","abc734","user","1000","1000"
"adam610","adam610@gmail.com","44","abc735","user","1000","1000"
"adam611","adam611@gmail.com","27","abc736","user","1000","1000"
"adam612","adam612@gmail.com","31","abc737","user","1000","1000"
"adam613","adam613@gmail.com","38","abc738","user","1000","1000"
"adam614","adam614@gmail.com","34","abc739","user","1000","1000"
"adam615","adam615@gmail.com","40","abc740","user","1000","1000"
"adam616","adam616@gmail.com","42","abc741","user","1000","1000"
"adam617","adam617@gmail.com","41","abc742","user","1000","1000"
"adam618","adam618@gmail.com","32","abc743","user","1000","1000"
"adam619","adam619@gmail.com","42","abc744","user","1000","1000"
"adam620","adam620@gmail.com","27","abc745","user","1000","1000"
"adam621","adam621@gmail.com","20","abc746","user","1000","1000"
"adam622","adam622@gmail.com","25","abc747","user","1000","1000"
"adam623","adam623@gmail.com","43","abc748","user","1000","1000"
"adam624","adam624@gmail.com","40","abc749","user","1000","1000"
"adam625","adam625@gmail.com","28","abc750","user","1000","1000"
"adam626","adam626@gmail.com","26","abc751","user","1000","1000"
"adam627","adam627@gmail.com","27","abc752","user","1000","1000"
"adam628","adam628@gmail.com","23","abc753","user","1000","1000"
"adam629","adam629@gmail.com","35","abc754","user","1000","1000"
"adam630","adam630@gmail.com","31","abc755","user","1000","1000"
"adam631","adam631@gmail.com","22","abc756","user","1000","1000"
"adam632","adam632@gmail.com","40","abc757","user","1000","1000"
"adam633","adam633@gmail.com","40","abc758","user","1000","1000"
"adam634","adam634@gmail.com","42","abc759","user","1000","1000"
"adam635","adam635@gmail.com","26","abc760","user","1000","1000"
"adam636","adam636@gmail.com","27","abc761","user","1000","1000"
"adam637","adam637@gmail.com","38","abc762","user","1000","1000"
"adam638","adam638@gmail.com","30","abc763","user","1000","1000"
"adam639","adam639@gmail.com","33","abc764","user","1000","1000"
"adam640","adam640@gmail.com","30","abc765","user","1000","1000"
"adam641","adam641@gmail.com","38","abc766","user","1000","1000"
"adam642","adam642@gmail.com","23","abc767","user","1000","1000"
"adam643","adam643@gmail.com","43","abc768","user","1000","1000"
"adam644","adam644@gmail.com","33","abc769","user","1000","1000"
"adam645","adam645@gmail.com","24","abc770","user","1000","1000"
"adam646","adam646@gmail.com","27","abc771","user","1000","1000"
"adam647","adam647@gmail.com","26","abc772","user","1000","1000"
"adam648","adam648@gmail.com","30","abc773","user","1000","1000"
"adam649","adam649@gmail.com","23","abc774","user","1000","1000"
"adam650","adam650@gmail.com","28","abc775","user","1000","1000"
"adam651","adam651@gmail.com","26","abc776","user","1000","1000"
"adam652","adam652@gmail.com","22","abc777","user","1000","1000"
"adam653","adam653@gmail.com","25","abc778","user","1000","1000"
"adam654","adam654@gmail.com","25","abc779","user","1000","1000"
"adam655","adam655@gmail.com","31","abc780","user","1000","1000"
"adam656","adam656@gmail.com","33","abc781","user","1000","1000"
"adam657","adam657@gmail.com","33","abc782","user","1000","1000"
"adam658","adam658@gmail.com","45","abc783","user","1000","1000"
"adam659","adam659@gmail.com","40","abc784","user","1000","1000"
"adam660","adam660@gmail.com","22","abc785","user","1000","1000"
"adam661","adam661@gmail.com","28","abc786","user","1000","1000"
"adam662","adam662@gmail.com","31","abc787","user","1000","1000"
"adam663","adam663@gmail.com","33","abc788","user","1000","1000"
"adam664","adam664@gmail.com","32","abc789","user","1000","1000"
"adam665","adam665@gmail.com","41","abc790","user","1000","1000"
"adam666","adam666@gmail.com","41","abc791","user","1000","1000"
"adam667","adam667@gmail.com","32","abc792","user","1000","1000"
"adam668","adam668@gmail.com","38","abc793","user","1000","1000"
"adam669","adam669@gmail.com","37","abc794","user","1000","1000"
"adam670","adam670@gmail.com","44","abc795","user","1000","1000"
"adam671","adam671@gmail.com","44","abc796","user","1000","1000"
"adam672","adam672@gmail.com","20","abc797","user","1000","1000"
"adam673","adam673@gmail.com","24","abc798","user","1000","1000"
"adam674","adam674@gmail.com","35","abc799","user","1000","1000"
"adam675","adam675@gmail.com","41","abc800","user","1000","1000"
"adam676","adam676@gmail.com","32","abc801","user","1000","1000"
"adam677","adam677@gmail.com","39","abc802","user","1000","1000"
"adam678","adam678@gmail.com","22","abc803","user","1000","1000"
"adam679","adam679@gmail.com","39","abc804","user","1000","1000"
"adam680","adam680@gmail.com","23","abc805","user","1000","1000"
"adam681","adam681@gmail.com","20","abc806","user","1000","1000"
"adam682","adam682@gmail.com","36","abc807","user","1000","1000"
"adam683","adam683@gmail.com","43","abc808","user","1000","1000"
"adam684","adam684@gmail.com","28","abc809","user","1000","1000"
"adam685","adam685@gmail.com","41","abc810","user","1000","1000"
"adam686","adam686@gmail.com","31","abc811","user","1000","1000"
"adam687","adam687@gmail.com","24","abc812","user","1000","1000"
"adam688","adam688@gmail.com","22","abc813","user","1000","1000"
"adam689","adam689@gmail.com","32","abc814","user","1000","1000"
"adam690","adam690@gmail.com","24","abc815","user","1000","1000"
"adam691","adam691@gmail.com","21","abc816","user","1000","1000"
"adam692","adam692@gmail.com","21","abc817","user","1000","1000"
"adam693","adam693@gmail.com","35","abc818","user","1000","1000"
"adam694","adam694@gmail.com","41","abc819","user","1000","1000"
"adam695","adam695@gmail.com","22","abc820","user","1000","1000"
"adam696","adam696@gmail.com","38","abc821","user","1000","1000"
"adam697","adam697@gmail.com","42","abc822","user","1000","1000"
"adam698","adam698@gmail.com","39","abc823","user","1000","1000"
"adam699","adam699@gmail.com","28","abc824","user","1000","1000"
"adam700","adam700@gmail.com","41","abc825","user","1000","1000"
"adam701","adam701@gmail.com","37","abc826","user","1000","1000"
"adam702","adam702@gmail.com","42","abc827","user","1000","1000"
"adam703","adam703@gmail.com","22","abc828","user","1000","1000"
"adam704","adam704@gmail.com","39","abc829","user","1000","1000"
"adam705","adam705@gmail.com","20","abc830","user","1000","1000"
"adam706","adam706@gmail.com","45","abc831","user","1000","1000"
"adam707","adam707@gmail.com","22","abc832","user","1000","1000"
"adam708","adam708@gmail.com","25","abc833","user","1000","1000"
"adam709","adam709@gmail.com","43","abc834","user","1000","1000"
"adam710","adam710@gmail.com","26","abc835","user","1000","1000"
"adam711","adam711@gmail.com","20","abc836","user","1000","1000"
"adam712","adam712@gmail.com","40","abc837","user","1000","1000"
"adam713","adam713@gmail.com","37","abc838","user","1000","1000"
"adam714","adam714@gmail.com","23","abc839","user","1000","1000"
"adam715","adam715@gmail.com","29","abc840","user","1000","1000"
"adam716","adam716@gmail.com","32","abc841","user","1000","1000"
"adam717","adam717@gmail.com","43","abc842","user","1000","1000"
"adam718","adam718@gmail.com","39","abc843","user","1000","1000"
"adam719","adam719@gmail.com","25","abc844","user","1000","1000"
"adam720","adam720@gmail.com","45","abc845","user","1000","1000"
"adam721","adam721@gmail.com","22","abc846","user","1000","1000"
"adam722","adam722@gmail.com","37","abc847","user","1000","1000"
"adam723","adam723@gmail.com","32","abc848","user","1000","1000"
"adam724","adam724@gmail.com","41","abc849","user","1000","1000"
"adam725","adam725@gmail.com","22","abc850","user","1000","1000"
"adam726","adam726@gmail.com","24","abc851","user","1000","1000"
"adam727","adam727@gmail.com","41","abc852","user","1000","1000"
"adam728","adam728@gmail.com","40","abc853","user","1000","1000"
"adam729","adam729@gmail.com","40","abc854","user","1000","1000"
"adam730","adam730@gmail.com","43","abc855","user","1000","1000"
"adam731","adam731@gmail.com","40","abc856","user","1000","1000"
"adam732","adam732@gmail.com","42","abc857","user","1000","1000"
"adam733","adam733@gmail.com","43","abc858","user","1000","1000"
"adam734","adam734@gmail.com","40","abc859","user","1000","1000"
"adam735","adam735@gmail.com","26","abc860","user","1000","1000"
"adam736","adam736@gmail.com","41","abc861","user","1000","1000"
"adam737","adam737@gmail.com","20","abc862","user","1000","1000"
"adam738","adam738@gmail.com","43","abc863","user","1000","1000"
"adam739","adam739@gmail.com","34","abc864","user","1000","1000"
"adam740","adam740@gmail.com","33","abc865","user","1000","1000"
"adam741","adam741@gmail.com","36","abc866","user","1000","1000"
"adam742","adam742@gmail.com","35","abc867","user","1000","1000"
"adam743","adam743@gmail.com","21","abc868","user","1000","1000"
"adam744","adam744@gmail.com","30","abc869","user","1000","1000"
"adam745","adam745@gmail.com","43","abc870","user","1000","1000"
"adam746","adam746@gmail.com","26","abc871","user","1000","1000"
"adam747","adam747@gmail.com","29","abc872","user","1000","1000"
"adam748","adam748@gmail.com","22","abc873","user","1000","1000"
"adam749","adam749@gmail.com","30","abc874","user","1000","1000"
"adam750","adam750@gmail.com","43","abc875","user","1000","1000"
"adam751","adam751@gmail.com","24","abc876","user","1000","1000"
"adam752","adam752@gmail.com","27","abc877","user","1000","1000"
"adam753","adam753@gmail.com","28","abc878","user","1000","1000"
"adam754","adam754@gmail.com","27","abc879","user","1000","1000"
"adam755","adam755@gmail.com","43","abc880","user","1000","1000"
"adam756","adam756@gmail.com","24","abc881","user","1000","1000"
"adam757","adam757@gmail.com","27","abc882","user","1000","1000"
"adam758","adam758@gmail.com","33","abc883","user","1000","1000"
"adam759","adam759@gmail.com","36","abc884","user","1000","1000"
"adam760","adam760@gmail.com","28","abc885","user","1000","1000"
"adam761","adam761@gmail.com","29","abc886","user","1000","1000"
"adam762","adam762@gmail.com","33","abc887","user","1000","1000"
"adam763","adam763@gmail.com","20","abc888","user","1000","1000"
"adam764","adam764@gmail.com","21","abc889","user","1000","1000"
"adam765","adam765@gmail.com","28","abc890","user","1000","1000"
"adam766","adam766@gmail.com","24","abc891","user","1000","1000"
"adam767","adam767@gmail.com","20","abc892","user","1000","1000"
"adam768","adam768@gmail.com","21","abc893","user","1000","1000"
"adam769","adam769@gmail.com","26","abc894","user","1000","1000"
"adam770","adam770@gmail.com","26","abc895","user","1000","1000"
"adam771","adam771@gmail.com","40","abc896","user","1000","1000"
"adam772","adam772@gmail.com","44","abc897","user","1000","1000"
"adam773","adam773@gmail.com","42","abc898","user","1000","1000"
"adam774","adam774@gmail.com","34","abc899","user","1000","1000"
"adam775","adam775@gmail.com","43","abc900","user","1000","1000"
"adam776","adam776@gmail.com","43","abc901","user","1000","1000"
"adam777","adam777@gmail.com","35","abc902","user","1000","1000"
"adam778","adam778@gmail.com","42","abc903","user","1000","1000"
"adam779","adam779@gmail.com","36","abc904","user","1000","1000"
"adam780","adam780@gmail.com","45","abc905","user","1000","1000"
"adam781","adam781@gmail.com","43","abc906","user","1000","1000"
"adam782","adam782@gmail.com","45","abc907","user","1000","1000"
"adam783","adam783@gmail.com","40","abc908","user","1000","1000"
"adam784","adam784@gmail.com","45","abc909","user","1000","1000"
"adam785","adam785@gmail.com","33","abc910","user","1000","1000"
"adam786","adam786@gmail.com","21","abc911","user","1000","1000"
"adam787","adam787@gmail.com","45","abc912","user","1000","1000"
"adam788","adam788@gmail.com","34","abc913","user","1000","1000"
"adam789","adam789@gmail.com","30","abc914","user","1000","1000"
"adam790","adam790@gmail.com","23","abc915","user","1000","1000"
"adam791","adam791@gmail.com","33","abc916","user","1000","1000"
"adam792","adam792@gmail.com","43","abc917","user","1000","1000"
"adam793","adam793@gmail.com","36","abc918","user","1000","1000"
"adam794","adam794@gmail.com","24","abc919","user","1000","1000"
"adam795","adam795@gmail.com","42","abc920","user","1000","1000"
"adam796","adam796@gmail.com","26","abc921","user","1000","1000"
"adam797","adam797@gmail.com","38","abc922","user","1000","1000"
"adam798","adam798@gmail.com","40","abc923","user","1000","1000"
"adam799","adam799@gmail.com","36","abc924","user","1000","1000"
"adam800","adam800@gmail.com","34","abc925","user","1000","1000"
"adam801","adam801@gmail.com","29","abc926","user","1000","1000"
"adam802","adam802@gmail.com","24","abc927","user","1000","1000"
"adam803","adam803@gmail.com","30","abc928","user","1000","1000"
"adam804","adam804@gmail.com","34","abc929","user","1000","1000"
"adam805","adam805@gmail.com","43","abc930","user","1000","1000"
"adam806","adam806@gmail.com","39","abc931","user","1000","1000"
"adam807","adam807@gmail.com","43","abc932","user","1000","1000"
"adam808","adam808@gmail.com","30","abc933","user","1000","1000"
"adam809","adam809@gmail.com","39","abc934","user","1000","1000"
"adam810","adam810@gmail.com","30","abc935","user","1000","1000"
"adam811","adam811@gmail.com","20","abc936","user","1000","1000"
"adam812","adam812@gmail.com","28","abc937","user","1000","1000"
"adam813","adam813@gmail.com","29","abc938","user","1000","1000"
"adam814","adam814@gmail.com","29","abc939","user","1000","1000"
"adam815","adam815@gmail.com","40","abc940","user","1000","1000"
"adam816","adam816@gmail.com","23","abc941","user","1000","1000"
"adam817","adam817@gmail.com","28","abc942","user","1000","1000"
"adam818","adam818@gmail.com","33","abc943","user","1000","1000"
"adam819","adam819@gmail.com","28","abc944","user","1000","1000"
"adam820","adam820@gmail.com","31","abc945","user","1000","1000"
"adam821","adam821@gmail.com","34","abc946","user","1000","1000"
"adam822","adam822@gmail.com","35","abc947","user","1000","1000"
"adam823","adam823@gmail.com","37","abc948","user","1000","1000"
"adam824","adam824@gmail.com","40","abc949","user","1000","1000"
"adam825","adam825@gmail.com","30","abc950","user","1000","1000"
"adam826","adam826@gmail.com","32","abc951","user","1000","1000"
"adam827","adam827@gmail.com","32","abc952","user","1000","1000"
"adam828","adam828@gmail.com","44","abc953","user","1000","1000"
"adam829","adam829@gmail.com","25","abc954","user","1000","1000"
"adam830","adam830@gmail.com","40","abc955","user","1000","1000"
"adam831","adam831@gmail.com","36","abc956","user","1000","1000"
"adam832","adam832@gmail.com","45","abc957","user","1000","1000"
"adam833","adam833@gmail.com","40","abc958","user","1000","1000"
"adam834","adam834@gmail.com","21","abc959","user","1000","1000"
"adam835","adam835@gmail.com","30","abc960","user","1000","1000"
"adam836","adam836@gmail.com","32","abc961","user","1000","1000"
"adam837","adam837@gmail.com","29","abc962","user","1000","1000"
"adam838","adam838@gmail.com","33","abc963","user","1000","1000"
"adam839","adam839@gmail.com","45","abc964","user","1000","1000"
"adam840","adam840@gmail.com","35","abc965","user","1000","1000"
"adam841","adam841@gmail.com","40","abc966","user","1000","1000"
"adam842","adam842@gmail.com","26","abc967","user","1000","1000"
"adam843","adam843@gmail.com","36","abc968","user","1000","1000"
"adam844","adam844@gmail.com","31","abc969","user","1000","1000"
"adam845","adam845@gmail.com","30","abc970","user","1000","1000"
"adam846","adam846@gmail.com","34","abc971","user","1000","1000"
"adam847","adam847@gmail.com","21","abc972","user","1000","1000"
"adam848","adam848@gmail.com","45","abc973","user","1000","1000"
"adam849","adam849@gmail.com","35","abc974","user","1000","1000"
"adam850","adam850@gmail.com","29","abc975","user","1000","1000"
"adam851","adam851@gmail.com","29","abc976","user","1000","1000"
"adam852","adam852@gmail.com","25","abc977","user","1000","1000"
"adam853","adam853@gmail.com","27","abc978","user","1000","1000"
"adam854","adam854@gmail.com","21","abc979","user","1000","1000"
"adam855","adam855@gmail.com","27","abc980","user","1000","1000"
"adam856","adam856@gmail.com","43","abc981","user","1000","1000"
"adam857","adam857@gmail.com","25","abc982","user","1000","1000"
"adam858","adam858@gmail.com","24","abc983","user","1000","1000"
"adam859","adam859@gmail.com","23","abc984","user","1000","1000"
"adam860","adam860@gmail.com","30","abc985","user","1000","1000"
"adam861","adam861@gmail.com","45","abc986","user","1000","1000"
"adam862","adam862@gmail.com","34","abc987","user","1000","1000"
"adam863","adam863@gmail.com","31","abc988","user","1000","1000"
"adam864","adam864@gmail.com","36","abc989","user","1000","1000"
"adam865","adam865@gmail.com","30","abc990","user","1000","1000"
"adam866","adam866@gmail.com","37","abc991","user","1000","1000"
"adam867","adam867@gmail.com","22","abc992","user","1000","1000"
"adam868","adam868@gmail.com","21","abc993","user","1000","1000"
"adam869","adam869@gmail.com","21","abc994","user","1000","1000"
"adam870","adam870@gmail.com","45","abc995","user","1000","1000"
"adam871","adam871@gmail.com","28","abc996","user","1000","1000"
"adam872","adam872@gmail.com","26","abc997","user","1000","1000"
"adam873","adam873@gmail.com","42","abc998","user","1000","1000"
"adam874","adam874@gmail.com","26","abc999","user","1000","1000"
"adam875","adam875@gmail.com","33","abc1000","user","1000","1000"
"adam876","adam876@gmail.com","29","abc1001","user","1000","1000"
"adam877","adam877@gmail.com","30","abc1002","user","1000","1000"
"adam878","adam878@gmail.com","31","abc1003","user","1000","1000"
"adam879","adam879@gmail.com","25","abc1004","user","1000","1000"
"adam880","adam880@gmail.com","30","abc1005","user","1000","1000"
"adam881","adam881@gmail.com","41","abc1006","user","1000","1000"
"adam882","adam882@gmail.com","31","abc1007","user","1000","1000"
"adam883","adam883@gmail.com","41","abc1008","user","1000","1000"
"adam884","adam884@gmail.com","33","abc1009","user","1000","1000"
"adam885","adam885@gmail.com","22","abc1010","user","1000","1000"
"adam886","adam886@gmail.com","43","abc1011","user","1000","1000"
"adam887","adam887@gmail.com","38","abc1012","user","1000","1000"
"adam888","adam888@gmail.com","25","abc1013","user","1000","1000"
"adam889","adam889@gmail.com","28","abc1014","user","1000","1000"
"adam890","adam890@gmail.com","26","abc1015","user","1000","1000"
"adam891","adam891@gmail.com","33","abc1016","user","1000","1000"
"adam892","adam892@gmail.com","45","abc1017","user","1000","1000"
"adam893","adam893@gmail.com","29","abc1018","user","1000","1000"
"adam894","adam894@gmail.com","31","abc1019","user","1000","1000"
"adam895","adam895@gmail.com","40","abc1020","user","1000","1000"
"adam896","adam896@gmail.com","26","abc1021","user","1000","1000"
"adam897","adam897@gmail.com","35","abc1022","user","1000","1000"
"adam898","adam898@gmail.com","42","abc1023","user","1000","1000"
"adam899","adam899@gmail.com","39","abc1024","user","1000","1000"
"adam900","adam900@gmail.com","41","abc1025","user","1000","1000"
"adam901","adam901@gmail.com","30","abc1026","user","1000","1000"
"adam902","adam902@gmail.com","25","abc1027","user","1000","1000"
"adam903","adam903@gmail.com","27","abc1028","user","1000","1000"
"adam904","adam904@gmail.com","27","abc1029","user","1000","1000"
"adam905","adam905@gmail.com","36","abc1030","user","1000","1000"
"adam906","adam906@gmail.com","36","abc1031","user","1000","1000"
"adam907","adam907@gmail.com","28","abc1032","user","1000","1000"
"adam908","adam908@gmail.com","20","abc1033","user","1000","1000"
"adam909","adam909@gmail.com","34","abc1034","user","1000","1000"
"adam910","adam910@gmail.com","41","abc1035","user","1000","1000"
"adam911","adam911@gmail.com","26","abc1036","user","1000","1000"
"adam912","adam912@gmail.com","36","abc1037","user","1000","1000"
"adam913","adam913@gmail.com","33","abc1038","user","1000","1000"
"adam914","adam914@gmail.com","41","abc1039","user","1000","1000"
"adam915","adam915@gmail.com","28","abc1040","user","1000","1000"
"adam916","adam916@gmail.com","25","abc1041","user","1000","1000"
"adam917","adam917@gmail.com","32","abc1042","user","1000","1000"
"adam918","adam918@gmail.com","31","abc1043","user","1000","1000"
"adam919","adam919@gmail.com","27","abc1044","user","1000","1000"
"adam920","adam920@gmail.com","20","abc1045","user","1000","1000"
"adam921","adam921@gmail.com","21","abc1046","user","1000","1000"
"adam922","adam922@gmail.com","30","abc1047","user","1000","1000"
"adam923","adam923@gmail.com","20","abc1048","user","1000","1000"
"adam924","adam924@gmail.com","44","abc1049","user","1000","1000"
"adam925","adam925@gmail.com","44","abc1050","user","1000","1000"
"adam926","adam926@gmail.com","42","abc1051","user","1000","1000"
"adam927","adam927@gmail.com","36","abc1052","user","1000","1000"
"adam928","adam928@gmail.com","39","abc1053","user","1000","1000"
"adam929","adam929@gmail.com","26","abc1054","user","1000","1000"
"adam930","adam930@gmail.com","28","abc1055","user","1000","1000"
"adam931","adam931@gmail.com","25","abc1056","user","1000","1000"
"adam932","adam932@gmail.com","29","abc1057","user","1000","1000"
"adam933","adam933@gmail.com","45","abc1058","user","1000","1000"
"adam934","adam934@gmail.com","35","abc1059","user","1000","1000"
"adam935","adam935@gmail.com","30","abc1060","user","1000","1000"
"adam936","adam936@gmail.com","40","abc1061","user","1000","1000"
"adam937","adam937@gmail.com","26","abc1062","user","1000","1000"
"adam938","adam938@gmail.com","45","abc1063","user","1000","1000"
"adam939","adam939@gmail.com","31","abc1064","user","1000","1000"
"adam940","adam940@gmail.com","31","abc1065","user","1000","1000"
"adam941","adam941@gmail.com","24","abc1066","user","1000","1000"
"adam942","adam942@gmail.com","25","abc1067","user","1000","1000"
"adam943","adam943@gmail.com","30","abc1068","user","1000","1000"
"adam944","adam944@gmail.com","27","abc1069","user","1000","1000"
"adam945","adam945@gmail.com","20","abc1070","user","1000","1000"
"adam946","adam946@gmail.com","24","abc1071","user","1000","1000"
"adam947","adam947@gmail.com","23","abc1072","user","1000","1000"
"adam948","adam948@gmail.com","30","abc1073","user","1000","1000"
"adam949","adam949@gmail.com","45","abc1074","user","1000","1000"
"adam950","adam950@gmail.com","22","abc1075","user","1000","1000"
"adam951","adam951@gmail.com","37","abc1076","user","1000","1000"
"adam952","adam952@gmail.com","20","abc1077","user","1000","1000"
"adam953","adam953@gmail.com","30","abc1078","user","1000","1000"
"adam954","adam954@gmail.com","40","abc1079","user","1000","1000"
"adam955","adam955@gmail.com","33","abc1080","user","1000","1000"
"adam956","adam956@gmail.com","27","abc1081","user","1000","1000"
"adam957","adam957@gmail.com","25","abc1082","user","1000","1000"
"adam958","adam958@gmail.com","42","abc1083","user","1000","1000"
"adam959","adam959@gmail.com","20","abc1084","user","1000","1000"
"adam960","adam960@gmail.com","26","abc1085","user","1000","1000"
"adam961","adam961@gmail.com","23","abc1086","user","1000","1000"
"adam962","adam962@gmail.com","33","abc1087","user","1000","1000"
"adam963","adam963@gmail.com","20","abc1088","user","1000","1000"
"adam964","adam964@gmail.com","34","abc1089","user","1000","1000"
"adam965","adam965@gmail.com","27","abc1090","user","1000","1000"
"adam966","adam966@gmail.com","34","abc1091","user","1000","1000"
"adam967","adam967@gmail.com","44","abc1092","user","1000","1000"
"adam968","adam968@gmail.com","29","abc1093","user","1000","1000"
"adam969","adam969@gmail.com","34","abc1094","user","1000","1000"
"adam970","adam970@gmail.com","39","abc1095","user","1000","1000"
"adam971","adam971@gmail.com","24","abc1096","user","1000","1000"
"adam972","adam972@gmail.com","30","abc1097","user","1000","1000"
"adam973","adam973@gmail.com","27","abc1098","user","1000","1000"
"adam974","adam974@gmail.com","39","abc1099","user","1000","1000"
"adam975","adam975@gmail.com","32","abc1100","user","1000","1000"
"adam976","adam976@gmail.com","27","abc1101","user","1000","1000"
"adam977","adam977@gmail.com","33","abc1102","user","1000","1000"
"adam978","adam978@gmail.com","35","abc1103","user","1000","1000"
"adam979","adam979@gmail.com","28","abc1104","user","1000","1000"
"adam980","adam980@gmail.com","43","abc1105","user","1000","1000"
"adam981","adam981@gmail.com","39","abc1106","user","1000","1000"
"adam982","adam982@gmail.com","33","abc1107","user","1000","1000"
"adam983","adam983@gmail.com","28","abc1108","user","1000","1000"
"adam984","adam984@gmail.com","20","abc1109","user","1000","1000"
"adam985","adam985@gmail.com","42","abc1110","user","1000","1000"
"adam986","adam986@gmail.com","44","abc1111","user","1000","1000"
"adam987","adam987@gmail.com","26","abc1112","user","1000","1000"
"adam988","adam988@gmail.com","45","abc1113","user","1000","1000"
"adam989","adam989@gmail.com","45","abc1114","user","1000","1000"
"adam990","adam990@gmail.com","34","abc1115","user","1000","1000"
"adam991","adam991@gmail.com","42","abc1116","user","1000","1000"
"adam992","adam992@gmail.com","30","abc1117","user","1000","1000"
"adam993","adam993@gmail.com","38","abc1118","user","1000","1000"
"adam994","adam994@gmail.com","44","abc1119","user","1000","1000"
"adam995","adam995@gmail.com","31","abc1120","user","1000","1000"
"adam996","adam996@gmail.com","21","abc1121","user","1000","1000"